TIMESTAMP, EVENT, PSI_SOME_AVG10, PSI_SOME_AVG60, PSI_FULL_AVG10, PSI_FULL_AVG60, MEM_AVAIL_KB, COND_MEM_PRESSURE, COND_PSI_PRESSURE
2026-03-13T06:34:39.901Z, STRESSING, 0.00, 0.00, 0.00, 0.00, 15319928, False, False
2026-03-13T06:34:42.104Z, STRESSING, 0.00, 0.00, 0.00, 0.00, 15331488, False, False
2026-03-13T06:34:44.269Z, STRESSING, 0.00, 0.00, 0.00, 0.00, 13374172, False, False
2026-03-13T06:34:46.470Z, STRESSING, 0.00, 0.00, 0.00, 0.00, 14976796, False, False
2026-03-13T06:34:48.646Z, STRESSING, 0.00, 0.00, 0.00, 0.00, 12764524, False, False
2026-03-13T06:34:50.855Z, STRESSING, 0.00, 0.00, 0.00, 0.00, 15157772, False, False
2026-03-13T06:34:53.021Z, STRESSING, 0.00, 0.00, 0.00, 0.00, 15196340, False, False
2026-03-13T06:34:55.184Z, STRESSING, 0.00, 0.00, 0.00, 0.00, 15251792, False, False
2026-03-13T06:34:57.374Z, STRESSING, 0.00, 0.00, 0.00, 0.00, 15280620, False, False
2026-03-13T06:34:59.544Z, STRESSING, 0.00, 0.00, 0.00, 0.00, 15302676, False, False
2026-03-13T06:35:01.729Z, STRESSING, 0.00, 0.00, 0.00, 0.00, 15324272, False, False
2026-03-13T06:35:03.907Z, STRESSING, 0.00, 0.00, 0.00, 0.00, 13887224, False, False
2026-03-13T06:35:06.105Z, STRESSING, 0.00, 0.00, 0.00, 0.00, 15199388, False, False
2026-03-13T06:35:08.276Z, STRESSING, 0.00, 0.00, 0.00, 0.00, 15247168, False, False
2026-03-13T06:35:10.449Z, STRESSING, 0.00, 0.00, 0.00, 0.00, 15291080, False, False
2026-03-13T06:35:12.616Z, STRESSING, 0.00, 0.00, 0.00, 0.00, 15337240, False, False
2026-03-13T06:35:14.782Z, STRESSING, 0.00, 0.00, 0.00, 0.00, 15340628, False, False
2026-03-13T06:35:16.947Z, STRESSING, 0.00, 0.00, 0.00, 0.00, 15317060, False, False
2026-03-13T06:35:19.112Z, STRESSING, 0.00, 0.00, 0.00, 0.00, 15345556, False, False
2026-03-13T06:35:21.281Z, STRESSING, 0.00, 0.00, 0.00, 0.00, 15334784, False, False
2026-03-13T06:35:23.448Z, STRESSING, 0.00, 0.00, 0.00, 0.00, 15341636, False, False
2026-03-13T06:35:25.614Z, STRESSING, 0.00, 0.00, 0.00, 0.00, 15341296, False, False
2026-03-13T06:35:27.782Z, STRESSING, 0.00, 0.00, 0.00, 0.00, 14130336, False, False
2026-03-13T06:35:29.981Z, STRESSING, 0.00, 0.00, 0.00, 0.00, 15332872, False, False
2026-03-13T06:35:32.148Z, STRESSING, 0.00, 0.00, 0.00, 0.00, 15317728, False, False
2026-03-13T06:35:34.318Z, STRESSING, 0.00, 0.00, 0.00, 0.00, 15341864, False, False
2026-03-13T06:35:36.482Z, STRESSING, 0.00, 0.00, 0.00, 0.00, 15329432, False, False
2026-03-13T06:35:38.648Z, STRESSING, 0.00, 0.00, 0.00, 0.00, 15340660, False, False
2026-03-13T06:35:40.816Z, STRESSING, 0.00, 0.00, 0.00, 0.00, 15341292, False, False
2026-03-13T06:35:42.981Z, STRESSING, 0.00, 0.00, 0.00, 0.00, 15331432, False, False
2026-03-13T06:35:45.148Z, STRESSING, 0.00, 0.00, 0.00, 0.00, 15336876, False, False
2026-03-13T06:35:47.316Z, STRESSING, 0.00, 0.00, 0.00, 0.00, 15318456, False, False
2026-03-13T06:35:49.485Z, STRESSING, 0.00, 0.00, 0.00, 0.00, 15330444, False, False
2026-03-13T06:35:51.655Z, STRESSING, 0.00, 0.00, 0.00, 0.00, 15322548, False, False
2026-03-13T06:35:53.837Z, STRESSING, 0.00, 0.00, 0.00, 0.00, 15337656, False, False
2026-03-13T06:35:56.009Z, STRESSING, 0.00, 0.00, 0.00, 0.00, 15337456, False, False
2026-03-13T06:35:58.177Z, STRESSING, 0.00, 0.00, 0.00, 0.00, 15327964, False, False
2026-03-13T06:36:00.346Z, STRESSING, 0.00, 0.00, 0.00, 0.00, 15344280, False, False
2026-03-13T06:36:02.514Z, STRESSING, 0.00, 0.00, 0.00, 0.00, 15329816, False, False
2026-03-13T06:36:04.688Z, STRESSING, 0.00, 0.00, 0.00, 0.00, 15341696, False, False
2026-03-13T06:36:06.855Z, STRESSING, 0.00, 0.00, 0.00, 0.00, 15320488, False, False
2026-03-13T06:36:09.024Z, STRESSING, 0.00, 0.00, 0.00, 0.00, 15333920, False, False
2026-03-13T06:36:11.188Z, STRESSING, 0.00, 0.00, 0.00, 0.00, 15342380, False, False
2026-03-13T06:36:13.357Z, STRESSING, 0.00, 0.00, 0.00, 0.00, 15332872, False, False
2026-03-13T06:36:15.524Z, STRESSING, 0.00, 0.00, 0.00, 0.00, 15323180, False, False
2026-03-13T06:36:17.693Z, STRESSING, 0.00, 0.00, 0.00, 0.00, 15323288, False, False
2026-03-13T06:36:19.874Z, STRESSING, 0.00, 0.00, 0.00, 0.00, 15339116, False, False
2026-03-13T06:36:22.048Z, STRESSING, 0.00, 0.00, 0.00, 0.00, 15339628, False, False
2026-03-13T06:36:24.248Z, STRESSING, 0.00, 0.00, 0.00, 0.00, 15337664, False, False
2026-03-13T06:36:26.415Z, STRESSING, 0.00, 0.00, 0.00, 0.00, 15346316, False, False
2026-03-13T06:36:28.580Z, STRESSING, 0.00, 0.00, 0.00, 0.00, 12955104, False, False
2026-03-13T06:36:30.786Z, STRESSING, 0.00, 0.00, 0.00, 0.00, 15271824, False, False
2026-03-13T06:36:32.952Z, STRESSING, 0.00, 0.00, 0.00, 0.00, 15294624, False, False
2026-03-13T06:36:35.115Z, STRESSING, 0.00, 0.00, 0.00, 0.00, 15342960, False, False
2026-03-13T06:36:37.282Z, STRESSING, 0.00, 0.00, 0.00, 0.00, 15347120, False, False
2026-03-13T06:36:39.459Z, STRESSING, 0.00, 0.00, 0.00, 0.00, 15325828, False, False
2026-03-13T06:36:41.622Z, STRESSING, 0.00, 0.00, 0.00, 0.00, 15348040, False, False
2026-03-13T06:36:43.788Z, STRESSING, 0.00, 0.00, 0.00, 0.00, 15345712, False, False
2026-03-13T06:36:45.960Z, STRESSING, 0.00, 0.00, 0.00, 0.00, 15335052, False, False
2026-03-13T06:36:48.143Z, STRESSING, 0.00, 0.00, 0.00, 0.00, 15330508, False, False
2026-03-13T06:36:50.317Z, STRESSING, 0.00, 0.00, 0.00, 0.00, 15347272, False, False
2026-03-13T06:36:52.488Z, STRESSING, 0.00, 0.00, 0.00, 0.00, 15336604, False, False
2026-03-13T06:36:54.655Z, STRESSING, 0.00, 0.00, 0.00, 0.00, 15340504, False, False
2026-03-13T06:36:56.821Z, STRESSING, 0.00, 0.00, 0.00, 0.00, 15342760, False, False
2026-03-13T06:36:58.988Z, STRESSING, 0.00, 0.00, 0.00, 0.00, 15341988, False, False
2026-03-13T06:37:01.156Z, STRESSING, 0.00, 0.00, 0.00, 0.00, 15328584, False, False
2026-03-13T06:37:03.323Z, STRESSING, 0.00, 0.00, 0.00, 0.00, 15330240, False, False
2026-03-13T06:37:05.487Z, STRESSING, 0.00, 0.00, 0.00, 0.00, 15346372, False, False
2026-03-13T06:37:07.657Z, STRESSING, 0.00, 0.00, 0.00, 0.00, 15345828, False, False
2026-03-13T06:37:09.826Z, STRESSING, 0.00, 0.00, 0.00, 0.00, 15337720, False, False
2026-03-13T06:37:11.993Z, STRESSING, 0.00, 0.00, 0.00, 0.00, 15331484, False, False
2026-03-13T06:37:14.168Z, STRESSING, 0.00, 0.00, 0.00, 0.00, 15339688, False, False
2026-03-13T06:37:16.347Z, STRESSING, 0.00, 0.00, 0.00, 0.00, 15342516, False, False
2026-03-13T06:37:18.515Z, STRESSING, 0.00, 0.00, 0.00, 0.00, 15340528, False, False
2026-03-13T06:37:20.679Z, STRESSING, 0.00, 0.00, 0.00, 0.00, 15347908, False, False
2026-03-13T06:37:22.845Z, STRESSING, 0.00, 0.00, 0.00, 0.00, 15343876, False, False
2026-03-13T06:37:25.012Z, STRESSING, 0.00, 0.00, 0.00, 0.00, 15346956, False, False
2026-03-13T06:37:27.181Z, STRESSING, 0.00, 0.00, 0.00, 0.00, 15348896, False, False
2026-03-13T06:37:29.346Z, STRESSING, 0.00, 0.00, 0.00, 0.00, 15343476, False, False
2026-03-13T06:37:31.512Z, STRESSING, 0.00, 0.00, 0.00, 0.00, 15344156, False, False
2026-03-13T06:37:33.675Z, STRESSING, 0.00, 0.00, 0.00, 0.00, 15329880, False, False
2026-03-13T06:37:35.842Z, STRESSING, 0.00, 0.00, 0.00, 0.00, 15345352, False, False
2026-03-13T06:37:38.005Z, STRESSING, 0.00, 0.00, 0.00, 0.00, 15345588, False, False
2026-03-13T06:37:40.169Z, STRESSING, 0.00, 0.00, 0.00, 0.00, 15340264, False, False
2026-03-13T06:37:42.337Z, STRESSING, 0.00, 0.00, 0.00, 0.00, 15320880, False, False
2026-03-13T06:37:44.512Z, STRESSING, 0.00, 0.00, 0.00, 0.00, 15330196, False, False
2026-03-13T06:37:46.687Z, STRESSING, 0.00, 0.00, 0.00, 0.00, 15347708, False, False
2026-03-13T06:37:48.856Z, STRESSING, 0.00, 0.00, 0.00, 0.00, 15343848, False, False
2026-03-13T06:37:51.043Z, STRESSING, 0.00, 0.00, 0.00, 0.00, 14809928, False, False
2026-03-13T06:37:53.256Z, STRESSING, 0.00, 0.00, 0.00, 0.00, 15347672, False, False
2026-03-13T06:37:55.426Z, STRESSING, 0.00, 0.00, 0.00, 0.00, 15343020, False, False
2026-03-13T06:37:57.593Z, STRESSING, 0.00, 0.00, 0.00, 0.00, 15341900, False, False
2026-03-13T06:37:59.756Z, STRESSING, 0.00, 0.00, 0.00, 0.00, 15347908, False, False
2026-03-13T06:38:01.924Z, STRESSING, 0.00, 0.00, 0.00, 0.00, 15345736, False, False
2026-03-13T06:38:04.091Z, STRESSING, 0.00, 0.00, 0.00, 0.00, 15339480, False, False
2026-03-13T06:38:06.260Z, STRESSING, 0.00, 0.00, 0.00, 0.00, 15345920, False, False
2026-03-13T06:38:08.441Z, STRESSING, 0.00, 0.00, 0.00, 0.00, 15341464, False, False
2026-03-13T06:38:10.613Z, STRESSING, 0.00, 0.00, 0.00, 0.00, 15345908, False, False
2026-03-13T06:38:12.779Z, STRESSING, 0.00, 0.00, 0.00, 0.00, 15332120, False, False
2026-03-13T06:38:14.947Z, STRESSING, 0.00, 0.00, 0.00, 0.00, 15326660, False, False
2026-03-13T06:38:17.109Z, STRESSING, 0.00, 0.00, 0.00, 0.00, 15346040, False, False
2026-03-13T06:38:19.275Z, STRESSING, 0.00, 0.00, 0.00, 0.00, 15346220, False, False
2026-03-13T06:38:21.440Z, STRESSING, 0.00, 0.00, 0.00, 0.00, 15344120, False, False
2026-03-13T06:38:23.609Z, STRESSING, 0.00, 0.00, 0.00, 0.00, 15342184, False, False
2026-03-13T06:38:25.775Z, STRESSING, 0.00, 0.00, 0.00, 0.00, 15338428, False, False
2026-03-13T06:38:27.941Z, STRESSING, 0.00, 0.00, 0.00, 0.00, 15349204, False, False
2026-03-13T06:38:30.108Z, STRESSING, 0.00, 0.00, 0.00, 0.00, 15350140, False, False
2026-03-13T06:38:32.273Z, STRESSING, 0.00, 0.00, 0.00, 0.00, 15334828, False, False
2026-03-13T06:38:34.467Z, STRESSING, 0.00, 0.00, 0.00, 0.00, 15347904, False, False
2026-03-13T06:38:36.654Z, STRESSING, 0.00, 0.00, 0.00, 0.00, 15335076, False, False
2026-03-13T06:38:38.832Z, STRESSING, 0.00, 0.00, 0.00, 0.00, 15349172, False, False
2026-03-13T06:38:40.996Z, STRESSING, 0.00, 0.00, 0.00, 0.00, 15337356, False, False
2026-03-13T06:38:43.163Z, STRESSING, 0.00, 0.00, 0.00, 0.00, 15348936, False, False
2026-03-13T06:38:45.331Z, STRESSING, 0.00, 0.00, 0.00, 0.00, 15316296, False, False
2026-03-13T06:38:47.493Z, STRESSING, 0.00, 0.00, 0.00, 0.00, 15343492, False, False
2026-03-13T06:38:49.659Z, STRESSING, 0.00, 0.00, 0.00, 0.00, 15345420, False, False
2026-03-13T06:38:51.826Z, STRESSING, 0.00, 0.00, 0.00, 0.00, 15339348, False, False
2026-03-13T06:38:53.997Z, STRESSING, 0.00, 0.00, 0.00, 0.00, 15343244, False, False
2026-03-13T06:38:56.165Z, STRESSING, 0.00, 0.00, 0.00, 0.00, 15337952, False, False
2026-03-13T06:38:58.332Z, STRESSING, 0.00, 0.00, 0.00, 0.00, 15340516, False, False
2026-03-13T06:39:00.499Z, STRESSING, 0.00, 0.00, 0.00, 0.00, 15325772, False, False
2026-03-13T06:39:02.670Z, STRESSING, 0.00, 0.00, 0.00, 0.00, 15336756, False, False
2026-03-13T06:39:04.856Z, STRESSING, 0.00, 0.00, 0.00, 0.00, 15327424, False, False
2026-03-13T06:39:07.029Z, STRESSING, 0.00, 0.00, 0.00, 0.00, 15335768, False, False
2026-03-13T06:39:09.194Z, STRESSING, 0.00, 0.00, 0.00, 0.00, 15336920, False, False
2026-03-13T06:39:11.360Z, STRESSING, 0.00, 0.00, 0.00, 0.00, 15314348, False, False
2026-03-13T06:39:13.524Z, STRESSING, 0.00, 0.00, 0.00, 0.00, 15334992, False, False
2026-03-13T06:39:15.691Z, STRESSING, 0.00, 0.00, 0.00, 0.00, 15328136, False, False
2026-03-13T06:39:17.876Z, STRESSING, 0.00, 0.00, 0.00, 0.00, 15320264, False, False
2026-03-13T06:39:20.043Z, STRESSING, 0.00, 0.00, 0.00, 0.00, 15337940, False, False
2026-03-13T06:39:22.210Z, STRESSING, 0.00, 0.00, 0.00, 0.00, 15324880, False, False
2026-03-13T06:39:24.377Z, STRESSING, 0.00, 0.00, 0.00, 0.00, 15337300, False, False
2026-03-13T06:39:26.540Z, STRESSING, 0.00, 0.00, 0.00, 0.00, 15319200, False, False
2026-03-13T06:39:28.704Z, STRESSING, 0.00, 0.00, 0.00, 0.00, 15332448, False, False
2026-03-13T06:39:30.874Z, STRESSING, 0.00, 0.00, 0.00, 0.00, 15322784, False, False
2026-03-13T06:39:33.054Z, STRESSING, 0.00, 0.00, 0.00, 0.00, 15331308, False, False
2026-03-13T06:39:35.232Z, STRESSING, 0.00, 0.00, 0.00, 0.00, 15329716, False, False
2026-03-13T06:39:37.398Z, STRESSING, 0.00, 0.00, 0.00, 0.00, 15317736, False, False
2026-03-13T06:39:39.561Z, STRESSING, 0.00, 0.00, 0.00, 0.00, 15330980, False, False
2026-03-13T06:39:41.725Z, STRESSING, 0.00, 0.00, 0.00, 0.00, 15324356, False, False
2026-03-13T06:39:43.892Z, STRESSING, 0.00, 0.00, 0.00, 0.00, 15335516, False, False
2026-03-13T06:39:46.060Z, STRESSING, 0.00, 0.00, 0.00, 0.00, 15335232, False, False
2026-03-13T06:39:48.223Z, STRESSING, 0.00, 0.00, 0.00, 0.00, 15333096, False, False
2026-03-13T06:39:50.388Z, STRESSING, 0.00, 0.00, 0.00, 0.00, 15336648, False, False
2026-03-13T06:39:52.555Z, STRESSING, 0.00, 0.00, 0.00, 0.00, 15326836, False, False
2026-03-13T06:39:54.722Z, STRESSING, 0.00, 0.00, 0.00, 0.00, 15332384, False, False
2026-03-13T06:39:56.885Z, STRESSING, 0.00, 0.00, 0.00, 0.00, 15327024, False, False
2026-03-13T06:39:59.055Z, STRESSING, 0.00, 0.00, 0.00, 0.00, 15330496, False, False
2026-03-13T06:40:01.313Z, STRESSING, 0.00, 0.00, 0.00, 0.00, 15329284, False, False
2026-03-13T06:40:03.480Z, STRESSING, 0.00, 0.00, 0.00, 0.00, 15321692, False, False
2026-03-13T06:40:05.648Z, STRESSING, 0.00, 0.00, 0.00, 0.00, 15332080, False, False
2026-03-13T06:40:07.816Z, STRESSING, 0.00, 0.00, 0.00, 0.00, 15330076, False, False
2026-03-13T06:40:09.985Z, STRESSING, 0.00, 0.00, 0.00, 0.00, 15324804, False, False
2026-03-13T06:40:12.153Z, STRESSING, 0.00, 0.00, 0.00, 0.00, 15309936, False, False
2026-03-13T06:40:14.321Z, STRESSING, 0.00, 0.00, 0.00, 0.00, 15326808, False, False
2026-03-13T06:40:16.491Z, STRESSING, 0.00, 0.00, 0.00, 0.00, 15323736, False, False
2026-03-13T06:40:18.656Z, STRESSING, 0.00, 0.00, 0.00, 0.00, 15326892, False, False
2026-03-13T06:40:20.825Z, STRESSING, 0.00, 0.00, 0.00, 0.00, 15331516, False, False
2026-03-13T06:40:22.994Z, STRESSING, 0.00, 0.00, 0.00, 0.00, 15329580, False, False
2026-03-13T06:40:25.168Z, STRESSING, 0.00, 0.00, 0.00, 0.00, 15332216, False, False
2026-03-13T06:40:27.345Z, STRESSING, 0.00, 0.00, 0.00, 0.00, 15327784, False, False
2026-03-13T06:40:29.518Z, STRESSING, 0.00, 0.00, 0.00, 0.00, 15329716, False, False
2026-03-13T06:40:31.685Z, STRESSING, 0.00, 0.00, 0.00, 0.00, 15329372, False, False
2026-03-13T06:40:33.855Z, STRESSING, 0.00, 0.00, 0.00, 0.00, 15329688, False, False
2026-03-13T06:40:36.018Z, STRESSING, 0.00, 0.00, 0.00, 0.00, 15327824, False, False
2026-03-13T06:40:38.184Z, STRESSING, 0.00, 0.00, 0.00, 0.00, 15318264, False, False
2026-03-13T06:40:40.349Z, STRESSING, 0.00, 0.00, 0.00, 0.00, 15327620, False, False
2026-03-13T06:40:42.517Z, STRESSING, 0.00, 0.00, 0.00, 0.00, 13138896, False, False
2026-03-13T06:40:44.737Z, STRESSING, 0.00, 0.00, 0.00, 0.00, 15021976, False, False
2026-03-13T06:40:46.901Z, STRESSING, 0.00, 0.00, 0.00, 0.00, 15111340, False, False
2026-03-13T06:40:49.069Z, STRESSING, 0.00, 0.00, 0.00, 0.00, 15171580, False, False
2026-03-13T06:40:51.235Z, STRESSING, 0.00, 0.00, 0.00, 0.00, 15203236, False, False
2026-03-13T06:40:53.403Z, STRESSING, 0.00, 0.00, 0.00, 0.00, 15206176, False, False
2026-03-13T06:40:55.584Z, STRESSING, 0.00, 0.00, 0.00, 0.00, 15294288, False, False
2026-03-13T06:40:57.757Z, STRESSING, 0.00, 0.00, 0.00, 0.00, 15322680, False, False
2026-03-13T06:40:59.922Z, STRESSING, 0.00, 0.00, 0.00, 0.00, 15319472, False, False
2026-03-13T06:41:02.091Z, STRESSING, 0.00, 0.00, 0.00, 0.00, 15327076, False, False
2026-03-13T06:41:04.258Z, STRESSING, 0.00, 0.00, 0.00, 0.00, 15332500, False, False
2026-03-13T06:41:06.427Z, STRESSING, 0.00, 0.00, 0.00, 0.00, 15331200, False, False
2026-03-13T06:41:08.596Z, STRESSING, 0.00, 0.00, 0.00, 0.00, 15322976, False, False
2026-03-13T06:41:10.762Z, STRESSING, 0.00, 0.00, 0.00, 0.00, 15312196, False, False
2026-03-13T06:41:12.933Z, STRESSING, 0.00, 0.00, 0.00, 0.00, 15328656, False, False
2026-03-13T06:41:15.101Z, STRESSING, 0.00, 0.00, 0.00, 0.00, 15331032, False, False
2026-03-13T06:41:17.268Z, STRESSING, 0.00, 0.00, 0.00, 0.00, 15327052, False, False
2026-03-13T06:41:19.439Z, STRESSING, 0.00, 0.00, 0.00, 0.00, 15322472, False, False
2026-03-13T06:41:21.610Z, STRESSING, 0.00, 0.00, 0.00, 0.00, 15319908, False, False
2026-03-13T06:41:23.791Z, STRESSING, 0.00, 0.00, 0.00, 0.00, 15317416, False, False
2026-03-13T06:41:25.958Z, STRESSING, 0.00, 0.00, 0.00, 0.00, 15324956, False, False
2026-03-13T06:41:28.126Z, STRESSING, 0.00, 0.00, 0.00, 0.00, 15331792, False, False
2026-03-13T06:41:30.297Z, STRESSING, 0.00, 0.00, 0.00, 0.00, 15330840, False, False
2026-03-13T06:41:32.460Z, STRESSING, 0.00, 0.00, 0.00, 0.00, 15330700, False, False
2026-03-13T06:41:34.628Z, STRESSING, 0.00, 0.00, 0.00, 0.00, 15324800, False, False
2026-03-13T06:41:36.794Z, STRESSING, 0.00, 0.00, 0.00, 0.00, 15329536, False, False
2026-03-13T06:41:38.960Z, STRESSING, 0.00, 0.00, 0.00, 0.00, 15310548, False, False
2026-03-13T06:41:41.126Z, STRESSING, 0.00, 0.00, 0.00, 0.00, 15322348, False, False
2026-03-13T06:41:43.293Z, STRESSING, 0.00, 0.00, 0.00, 0.00, 15327868, False, False
2026-03-13T06:41:45.458Z, STRESSING, 0.00, 0.00, 0.00, 0.00, 15319584, False, False
2026-03-13T06:41:47.624Z, STRESSING, 0.00, 0.00, 0.00, 0.00, 15325816, False, False
2026-03-13T06:41:49.791Z, STRESSING, 0.00, 0.00, 0.00, 0.00, 15328848, False, False
2026-03-13T06:41:51.964Z, STRESSING, 0.00, 0.00, 0.00, 0.00, 15324432, False, False
2026-03-13T06:41:54.151Z, STRESSING, 0.00, 0.00, 0.00, 0.00, 15313304, False, False
2026-03-13T06:41:56.336Z, STRESSING, 0.00, 0.00, 0.00, 0.00, 15313492, False, False
2026-03-13T06:41:58.500Z, STRESSING, 0.00, 0.00, 0.00, 0.00, 15329132, False, False
2026-03-13T06:42:00.668Z, STRESSING, 0.00, 0.00, 0.00, 0.00, 15314220, False, False
2026-03-13T06:42:02.832Z, STRESSING, 0.00, 0.00, 0.00, 0.00, 15323312, False, False
2026-03-13T06:42:05.005Z, STRESSING, 0.00, 0.00, 0.00, 0.00, 15316152, False, False
2026-03-13T06:42:07.175Z, STRESSING, 0.00, 0.00, 0.00, 0.00, 15327100, False, False
2026-03-13T06:42:09.341Z, STRESSING, 0.00, 0.00, 0.00, 0.00, 15329540, False, False
2026-03-13T06:42:11.520Z, STRESSING, 0.00, 0.00, 0.00, 0.00, 15316248, False, False
2026-03-13T06:42:13.689Z, STRESSING, 0.00, 0.00, 0.00, 0.00, 15324876, False, False
2026-03-13T06:42:15.859Z, STRESSING, 0.00, 0.00, 0.00, 0.00, 15321696, False, False
2026-03-13T06:42:18.024Z, STRESSING, 0.00, 0.00, 0.00, 0.00, 15328248, False, False
2026-03-13T06:42:20.194Z, STRESSING, 0.00, 0.00, 0.00, 0.00, 15317004, False, False
2026-03-13T06:42:22.372Z, STRESSING, 0.00, 0.00, 0.00, 0.00, 15332368, False, False
2026-03-13T06:42:24.546Z, STRESSING, 0.00, 0.00, 0.00, 0.00, 15327812, False, False
2026-03-13T06:42:26.711Z, STRESSING, 0.00, 0.00, 0.00, 0.00, 15330600, False, False
2026-03-13T06:42:28.878Z, STRESSING, 0.00, 0.00, 0.00, 0.00, 15327688, False, False
2026-03-13T06:42:31.042Z, STRESSING, 0.00, 0.00, 0.00, 0.00, 15318760, False, False
2026-03-13T06:42:33.208Z, STRESSING, 0.00, 0.00, 0.00, 0.00, 15330624, False, False
2026-03-13T06:42:35.373Z, STRESSING, 0.00, 0.00, 0.00, 0.00, 15329728, False, False
2026-03-13T06:42:37.542Z, STRESSING, 0.00, 0.00, 0.00, 0.00, 15327464, False, False
2026-03-13T06:42:39.709Z, STRESSING, 0.00, 0.00, 0.00, 0.00, 15329352, False, False
2026-03-13T06:42:41.877Z, STRESSING, 0.00, 0.00, 0.00, 0.00, 15331416, False, False
2026-03-13T06:42:44.044Z, STRESSING, 0.00, 0.00, 0.00, 0.00, 15327412, False, False
2026-03-13T06:42:46.209Z, STRESSING, 0.00, 0.00, 0.00, 0.00, 15299576, False, False
2026-03-13T06:42:48.389Z, STRESSING, 0.00, 0.00, 0.00, 0.00, 15316608, False, False
2026-03-13T06:42:50.569Z, STRESSING, 0.00, 0.00, 0.00, 0.00, 15323068, False, False
2026-03-13T06:42:52.737Z, STRESSING, 0.00, 0.00, 0.00, 0.00, 15326016, False, False
2026-03-13T06:42:54.900Z, STRESSING, 0.00, 0.00, 0.00, 0.00, 15331644, False, False
2026-03-13T06:42:57.063Z, STRESSING, 0.00, 0.00, 0.00, 0.00, 15322016, False, False
2026-03-13T06:42:59.228Z, STRESSING, 0.00, 0.00, 0.00, 0.00, 15331904, False, False
2026-03-13T06:43:01.395Z, STRESSING, 0.00, 0.00, 0.00, 0.00, 15332392, False, False
2026-03-13T06:43:03.562Z, STRESSING, 0.00, 0.00, 0.00, 0.00, 15331660, False, False
2026-03-13T06:43:05.725Z, STRESSING, 0.00, 0.00, 0.00, 0.00, 15305904, False, False
2026-03-13T06:43:07.890Z, STRESSING, 0.00, 0.00, 0.00, 0.00, 15330572, False, False
2026-03-13T06:43:10.057Z, STRESSING, 0.00, 0.00, 0.00, 0.00, 15316972, False, False
2026-03-13T06:43:12.225Z, STRESSING, 0.00, 0.00, 0.00, 0.00, 15323572, False, False
2026-03-13T06:43:14.390Z, STRESSING, 0.00, 0.00, 0.00, 0.00, 15329592, False, False
2026-03-13T06:43:16.563Z, STRESSING, 0.00, 0.00, 0.00, 0.00, 15302544, False, False
2026-03-13T06:43:18.751Z, STRESSING, 0.00, 0.00, 0.00, 0.00, 15325308, False, False
2026-03-13T06:43:20.924Z, STRESSING, 0.00, 0.00, 0.00, 0.00, 15329248, False, False
2026-03-13T06:43:23.116Z, STRESSING, 0.00, 0.00, 0.00, 0.00, 15320648, False, False
2026-03-13T06:43:25.283Z, STRESSING, 0.00, 0.00, 0.00, 0.00, 15329704, False, False
2026-03-13T06:43:27.450Z, STRESSING, 0.00, 0.00, 0.00, 0.00, 15313216, False, False
2026-03-13T06:43:29.616Z, STRESSING, 0.00, 0.00, 0.00, 0.00, 15331516, False, False
2026-03-13T06:43:31.788Z, STRESSING, 0.00, 0.00, 0.00, 0.00, 15322000, False, False
2026-03-13T06:43:33.954Z, STRESSING, 0.00, 0.00, 0.00, 0.00, 15320224, False, False
2026-03-13T06:43:36.118Z, STRESSING, 0.00, 0.00, 0.00, 0.00, 15333336, False, False
2026-03-13T06:43:38.280Z, STRESSING, 0.00, 0.00, 0.00, 0.00, 15323452, False, False
2026-03-13T06:43:40.442Z, STRESSING, 0.00, 0.00, 0.00, 0.00, 15323796, False, False
2026-03-13T06:43:42.607Z, STRESSING, 0.00, 0.00, 0.00, 0.00, 15327656, False, False
2026-03-13T06:43:44.775Z, STRESSING, 0.00, 0.00, 0.00, 0.00, 15330504, False, False
2026-03-13T06:43:46.950Z, STRESSING, 0.00, 0.00, 0.00, 0.00, 15305816, False, False
2026-03-13T06:43:49.133Z, STRESSING, 0.00, 0.00, 0.00, 0.00, 15329220, False, False
2026-03-13T06:43:51.311Z, STRESSING, 0.00, 0.00, 0.00, 0.00, 15325368, False, False
2026-03-13T06:43:53.475Z, STRESSING, 0.00, 0.00, 0.00, 0.00, 15331440, False, False
2026-03-13T06:43:55.642Z, STRESSING, 0.00, 0.00, 0.00, 0.00, 15334148, False, False
2026-03-13T06:43:57.809Z, STRESSING, 0.00, 0.00, 0.00, 0.00, 15324180, False, False
2026-03-13T06:43:59.973Z, STRESSING, 0.00, 0.00, 0.00, 0.00, 15321960, False, False
2026-03-13T06:44:02.137Z, STRESSING, 0.00, 0.00, 0.00, 0.00, 15292684, False, False
2026-03-13T06:44:04.305Z, STRESSING, 0.00, 0.00, 0.00, 0.00, 15328348, False, False
2026-03-13T06:44:06.469Z, STRESSING, 0.00, 0.00, 0.00, 0.00, 15328868, False, False
2026-03-13T06:44:08.632Z, STRESSING, 0.00, 0.00, 0.00, 0.00, 15328136, False, False
2026-03-13T06:44:10.797Z, STRESSING, 0.00, 0.00, 0.00, 0.00, 15333140, False, False
2026-03-13T06:44:12.962Z, STRESSING, 0.00, 0.00, 0.00, 0.00, 15318984, False, False
2026-03-13T06:44:15.140Z, STRESSING, 0.00, 0.00, 0.00, 0.00, 15330496, False, False
2026-03-13T06:44:17.321Z, STRESSING, 0.00, 0.00, 0.00, 0.00, 15312656, False, False
2026-03-13T06:44:19.492Z, STRESSING, 0.00, 0.00, 0.00, 0.00, 15333156, False, False
2026-03-13T06:44:21.658Z, STRESSING, 0.00, 0.00, 0.00, 0.00, 15319556, False, False
2026-03-13T06:44:23.822Z, STRESSING, 0.00, 0.00, 0.00, 0.00, 15318960, False, False
2026-03-13T06:44:25.987Z, STRESSING, 0.00, 0.00, 0.00, 0.00, 15321572, False, False
2026-03-13T06:44:28.150Z, STRESSING, 0.00, 0.00, 0.00, 0.00, 15316636, False, False
2026-03-13T06:44:30.316Z, STRESSING, 0.00, 0.00, 0.00, 0.00, 15315452, False, False
2026-03-13T06:44:32.481Z, STRESSING, 0.00, 0.00, 0.00, 0.00, 15305532, False, False
2026-03-13T06:44:34.667Z, STRESSING, 0.00, 0.00, 0.00, 0.00, 15321160, False, False
2026-03-13T06:44:36.834Z, STRESSING, 0.00, 0.00, 0.00, 0.00, 15320400, False, False
2026-03-13T06:44:39.002Z, STRESSING, 0.00, 0.00, 0.00, 0.00, 15319784, False, False
2026-03-13T06:44:41.167Z, STRESSING, 0.00, 0.00, 0.00, 0.00, 15315004, False, False
2026-03-13T06:44:43.330Z, STRESSING, 0.00, 0.00, 0.00, 0.00, 15310992, False, False
2026-03-13T06:44:45.506Z, STRESSING, 0.00, 0.00, 0.00, 0.00, 15313844, False, False
2026-03-13T06:44:47.685Z, STRESSING, 0.00, 0.00, 0.00, 0.00, 15312688, False, False
2026-03-13T06:44:49.865Z, STRESSING, 0.00, 0.00, 0.00, 0.00, 15313024, False, False
2026-03-13T06:44:52.032Z, STRESSING, 0.00, 0.00, 0.00, 0.00, 15320384, False, False
2026-03-13T06:44:54.198Z, STRESSING, 0.00, 0.00, 0.00, 0.00, 15317936, False, False
2026-03-13T06:44:56.364Z, STRESSING, 0.00, 0.00, 0.00, 0.00, 15317040, False, False
2026-03-13T06:44:58.530Z, STRESSING, 0.00, 0.00, 0.00, 0.00, 15300060, False, False
2026-03-13T06:45:00.696Z, STRESSING, 0.00, 0.00, 0.00, 0.00, 15319920, False, False
2026-03-13T06:45:02.860Z, STRESSING, 0.00, 0.00, 0.00, 0.00, 15312500, False, False
2026-03-13T06:45:05.032Z, STRESSING, 0.00, 0.00, 0.00, 0.00, 15315188, False, False
2026-03-13T06:45:07.198Z, STRESSING, 0.00, 0.00, 0.00, 0.00, 15310544, False, False
2026-03-13T06:45:09.360Z, STRESSING, 0.00, 0.00, 0.00, 0.00, 15308068, False, False
2026-03-13T06:45:11.528Z, STRESSING, 0.00, 0.00, 0.00, 0.00, 15297652, False, False
2026-03-13T06:45:13.701Z, STRESSING, 0.00, 0.00, 0.00, 0.00, 15305940, False, False
2026-03-13T06:45:15.885Z, STRESSING, 0.00, 0.00, 0.00, 0.00, 15303308, False, False
2026-03-13T06:45:18.053Z, STRESSING, 0.00, 0.00, 0.00, 0.00, 15313988, False, False
2026-03-13T06:45:20.219Z, STRESSING, 0.00, 0.00, 0.00, 0.00, 15301628, False, False
2026-03-13T06:45:22.387Z, STRESSING, 0.00, 0.00, 0.00, 0.00, 15312532, False, False
2026-03-13T06:45:24.555Z, STRESSING, 0.00, 0.00, 0.00, 0.00, 15297692, False, False
2026-03-13T06:45:26.723Z, STRESSING, 0.00, 0.00, 0.00, 0.00, 15314520, False, False
2026-03-13T06:45:28.889Z, STRESSING, 0.00, 0.00, 0.00, 0.00, 15290740, False, False
2026-03-13T06:45:31.052Z, STRESSING, 0.00, 0.00, 0.00, 0.00, 15313540, False, False
2026-03-13T06:45:33.218Z, STRESSING, 0.00, 0.00, 0.00, 0.00, 15313796, False, False
2026-03-13T06:45:35.384Z, STRESSING, 0.00, 0.00, 0.00, 0.00, 15302744, False, False
2026-03-13T06:45:37.550Z, STRESSING, 0.00, 0.00, 0.00, 0.00, 15314544, False, False
2026-03-13T06:45:39.715Z, STRESSING, 0.00, 0.00, 0.00, 0.00, 15312896, False, False
2026-03-13T06:45:41.882Z, STRESSING, 0.00, 0.00, 0.00, 0.00, 15312988, False, False
2026-03-13T06:45:44.052Z, STRESSING, 0.00, 0.00, 0.00, 0.00, 15294056, False, False
2026-03-13T06:45:46.241Z, STRESSING, 0.00, 0.00, 0.00, 0.00, 15314976, False, False
2026-03-13T06:45:48.411Z, STRESSING, 0.00, 0.00, 0.00, 0.00, 14469644, False, False
2026-03-13T06:45:50.596Z, STRESSING, 0.00, 0.00, 0.00, 0.00, 15285304, False, False
2026-03-13T06:45:52.770Z, STRESSING, 0.00, 0.00, 0.00, 0.00, 15312048, False, False
2026-03-13T06:45:54.933Z, STRESSING, 0.00, 0.00, 0.00, 0.00, 15298312, False, False
2026-03-13T06:45:57.095Z, STRESSING, 0.00, 0.00, 0.00, 0.00, 15312416, False, False
2026-03-13T06:45:59.258Z, STRESSING, 0.00, 0.00, 0.00, 0.00, 15312844, False, False
2026-03-13T06:46:01.437Z, STRESSING, 0.00, 0.00, 0.00, 0.00, 15292468, False, False
2026-03-13T06:46:03.607Z, STRESSING, 0.00, 0.00, 0.00, 0.00, 15311172, False, False
2026-03-13T06:46:05.772Z, STRESSING, 0.00, 0.00, 0.00, 0.00, 15279460, False, False
2026-03-13T06:46:07.941Z, STRESSING, 0.00, 0.00, 0.00, 0.00, 15304104, False, False
2026-03-13T06:46:10.108Z, STRESSING, 0.00, 0.00, 0.00, 0.00, 15312544, False, False
2026-03-13T06:46:12.276Z, STRESSING, 0.00, 0.00, 0.00, 0.00, 15298740, False, False
2026-03-13T06:46:14.455Z, STRESSING, 0.00, 0.00, 0.00, 0.00, 15312140, False, False
2026-03-13T06:46:16.631Z, STRESSING, 0.00, 0.00, 0.00, 0.00, 15303692, False, False
2026-03-13T06:46:18.801Z, STRESSING, 0.00, 0.00, 0.00, 0.00, 15312968, False, False
2026-03-13T06:46:20.964Z, STRESSING, 0.00, 0.00, 0.00, 0.00, 15297552, False, False
2026-03-13T06:46:23.129Z, STRESSING, 0.00, 0.00, 0.00, 0.00, 15308204, False, False
2026-03-13T06:46:25.297Z, STRESSING, 0.00, 0.00, 0.00, 0.00, 15292852, False, False
2026-03-13T06:46:27.463Z, STRESSING, 0.00, 0.00, 0.00, 0.00, 15309444, False, False
2026-03-13T06:46:29.630Z, STRESSING, 0.00, 0.00, 0.00, 0.00, 15306116, False, False
2026-03-13T06:46:31.798Z, STRESSING, 0.00, 0.00, 0.00, 0.00, 15304700, False, False
2026-03-13T06:46:33.961Z, STRESSING, 0.00, 0.00, 0.00, 0.00, 15309584, False, False
2026-03-13T06:46:36.124Z, STRESSING, 0.00, 0.00, 0.00, 0.00, 15302272, False, False
2026-03-13T06:46:38.288Z, STRESSING, 0.00, 0.00, 0.00, 0.00, 15309468, False, False
2026-03-13T06:46:40.452Z, STRESSING, 0.00, 0.00, 0.00, 0.00, 15292144, False, False
2026-03-13T06:46:42.616Z, STRESSING, 0.00, 0.00, 0.00, 0.00, 15312080, False, False
2026-03-13T06:46:44.791Z, STRESSING, 0.00, 0.00, 0.00, 0.00, 15309828, False, False
2026-03-13T06:46:46.967Z, STRESSING, 0.00, 0.00, 0.00, 0.00, 15308212, False, False
2026-03-13T06:46:49.131Z, STRESSING, 0.00, 0.00, 0.00, 0.00, 15310968, False, False
2026-03-13T06:46:51.299Z, STRESSING, 0.00, 0.00, 0.00, 0.00, 15302260, False, False
2026-03-13T06:46:53.465Z, STRESSING, 0.00, 0.00, 0.00, 0.00, 15311096, False, False
2026-03-13T06:46:55.631Z, STRESSING, 0.00, 0.00, 0.00, 0.00, 15296732, False, False
2026-03-13T06:46:57.798Z, STRESSING, 0.00, 0.00, 0.00, 0.00, 15309600, False, False
2026-03-13T06:46:59.963Z, STRESSING, 0.00, 0.00, 0.00, 0.00, 15307564, False, False
2026-03-13T06:47:02.132Z, STRESSING, 0.00, 0.00, 0.00, 0.00, 15311748, False, False
2026-03-13T06:47:04.300Z, STRESSING, 0.00, 0.00, 0.00, 0.00, 15312032, False, False
2026-03-13T06:47:06.466Z, STRESSING, 0.00, 0.00, 0.00, 0.00, 15284920, False, False
2026-03-13T06:47:08.632Z, STRESSING, 0.00, 0.00, 0.00, 0.00, 15308992, False, False
2026-03-13T06:47:10.798Z, STRESSING, 0.00, 0.00, 0.00, 0.00, 15309016, False, False
2026-03-13T06:47:13.004Z, STRESSING, 0.00, 0.00, 0.00, 0.00, 15312272, False, False
2026-03-13T06:47:15.179Z, STRESSING, 0.00, 0.00, 0.00, 0.00, 15299168, False, False
2026-03-13T06:47:17.344Z, STRESSING, 0.00, 0.00, 0.00, 0.00, 15296428, False, False
2026-03-13T06:47:19.510Z, STRESSING, 0.00, 0.00, 0.00, 0.00, 15307820, False, False
2026-03-13T06:47:21.674Z, STRESSING, 0.00, 0.00, 0.00, 0.00, 15292016, False, False
2026-03-13T06:47:23.840Z, STRESSING, 0.00, 0.00, 0.00, 0.00, 15304128, False, False
2026-03-13T06:47:26.007Z, STRESSING, 0.00, 0.00, 0.00, 0.00, 15306968, False, False
2026-03-13T06:47:28.175Z, STRESSING, 0.00, 0.00, 0.00, 0.00, 15313052, False, False
2026-03-13T06:47:30.341Z, STRESSING, 0.00, 0.00, 0.00, 0.00, 15310064, False, False
2026-03-13T06:47:32.507Z, STRESSING, 0.00, 0.00, 0.00, 0.00, 15299600, False, False
2026-03-13T06:47:34.671Z, STRESSING, 0.00, 0.00, 0.00, 0.00, 15304104, False, False
2026-03-13T06:47:36.837Z, STRESSING, 0.00, 0.00, 0.00, 0.00, 15307576, False, False
2026-03-13T06:47:38.999Z, STRESSING, 0.00, 0.00, 0.00, 0.00, 15310920, False, False
2026-03-13T06:47:41.170Z, STRESSING, 0.00, 0.00, 0.00, 0.00, 15309588, False, False
2026-03-13T06:47:43.353Z, STRESSING, 0.00, 0.00, 0.00, 0.00, 15299532, False, False
2026-03-13T06:47:45.542Z, STRESSING, 0.00, 0.00, 0.00, 0.00, 15302420, False, False
2026-03-13T06:47:47.708Z, STRESSING, 0.00, 0.00, 0.00, 0.00, 15309056, False, False
2026-03-13T06:47:49.872Z, STRESSING, 0.00, 0.00, 0.00, 0.00, 15308000, False, False
2026-03-13T06:47:52.036Z, STRESSING, 0.00, 0.00, 0.00, 0.00, 15287240, False, False
2026-03-13T06:47:54.205Z, STRESSING, 0.00, 0.00, 0.00, 0.00, 15310692, False, False
2026-03-13T06:47:56.373Z, STRESSING, 0.00, 0.00, 0.00, 0.00, 15298592, False, False
2026-03-13T06:47:58.538Z, STRESSING, 0.00, 0.00, 0.00, 0.00, 15313072, False, False
2026-03-13T06:48:00.706Z, STRESSING, 0.00, 0.00, 0.00, 0.00, 15311188, False, False
2026-03-13T06:48:02.872Z, STRESSING, 0.00, 0.00, 0.00, 0.00, 15297408, False, False
2026-03-13T06:48:05.042Z, STRESSING, 0.00, 0.00, 0.00, 0.00, 15313144, False, False
2026-03-13T06:48:07.210Z, STRESSING, 0.00, 0.00, 0.00, 0.00, 15294388, False, False
2026-03-13T06:48:09.378Z, STRESSING, 0.00, 0.00, 0.00, 0.00, 15308208, False, False
2026-03-13T06:48:11.547Z, STRESSING, 0.00, 0.00, 0.00, 0.00, 15292992, False, False
2026-03-13T06:48:13.729Z, STRESSING, 0.00, 0.00, 0.00, 0.00, 15296720, False, False
2026-03-13T06:48:15.900Z, STRESSING, 0.00, 0.00, 0.00, 0.00, 15306024, False, False
2026-03-13T06:48:18.067Z, STRESSING, 0.00, 0.00, 0.00, 0.00, 15295124, False, False
2026-03-13T06:48:20.233Z, STRESSING, 0.00, 0.00, 0.00, 0.00, 15310948, False, False
2026-03-13T06:48:22.400Z, STRESSING, 0.00, 0.00, 0.00, 0.00, 15296904, False, False
2026-03-13T06:48:24.583Z, STRESSING, 0.00, 0.00, 0.00, 0.00, 15286568, False, False
2026-03-13T06:48:26.746Z, STRESSING, 0.00, 0.00, 0.00, 0.00, 15305612, False, False
2026-03-13T06:48:28.914Z, STRESSING, 0.00, 0.00, 0.00, 0.00, 15300072, False, False
2026-03-13T06:48:31.080Z, STRESSING, 0.00, 0.00, 0.00, 0.00, 15311892, False, False
2026-03-13T06:48:33.245Z, STRESSING, 0.00, 0.00, 0.00, 0.00, 15296696, False, False
2026-03-13T06:48:35.412Z, STRESSING, 0.00, 0.00, 0.00, 0.00, 15305652, False, False
2026-03-13T06:48:37.577Z, STRESSING, 0.00, 0.00, 0.00, 0.00, 15310592, False, False
2026-03-13T06:48:39.750Z, STRESSING, 0.00, 0.00, 0.00, 0.00, 15304480, False, False
2026-03-13T06:48:41.921Z, STRESSING, 0.00, 0.00, 0.00, 0.00, 15307756, False, False
2026-03-13T06:48:44.102Z, STRESSING, 0.00, 0.00, 0.00, 0.00, 15298944, False, False
2026-03-13T06:48:46.275Z, STRESSING, 0.00, 0.00, 0.00, 0.00, 15309260, False, False
2026-03-13T06:48:48.442Z, STRESSING, 0.00, 0.00, 0.00, 0.00, 15287452, False, False
2026-03-13T06:48:50.604Z, STRESSING, 0.00, 0.00, 0.00, 0.00, 15287508, False, False
2026-03-13T06:48:52.772Z, STRESSING, 0.00, 0.00, 0.00, 0.00, 15310664, False, False
2026-03-13T06:48:54.940Z, STRESSING, 0.00, 0.00, 0.00, 0.00, 15301456, False, False
2026-03-13T06:48:57.110Z, STRESSING, 0.00, 0.00, 0.00, 0.00, 15308352, False, False
2026-03-13T06:48:59.276Z, STRESSING, 0.00, 0.00, 0.00, 0.00, 15297172, False, False
2026-03-13T06:49:01.441Z, STRESSING, 0.00, 0.00, 0.00, 0.00, 15305916, False, False
2026-03-13T06:49:03.608Z, STRESSING, 0.00, 0.00, 0.00, 0.00, 15294728, False, False
2026-03-13T06:49:05.775Z, STRESSING, 0.00, 0.00, 0.00, 0.00, 15299280, False, False
2026-03-13T06:49:07.942Z, STRESSING, 0.00, 0.00, 0.00, 0.00, 15308480, False, False
2026-03-13T06:49:10.106Z, STRESSING, 0.00, 0.00, 0.00, 0.00, 15301784, False, False
2026-03-13T06:49:12.273Z, STRESSING, 0.00, 0.00, 0.00, 0.00, 15308124, False, False
2026-03-13T06:49:14.447Z, STRESSING, 0.00, 0.00, 0.00, 0.00, 15304440, False, False
2026-03-13T06:49:16.615Z, STRESSING, 0.00, 0.00, 0.00, 0.00, 15302412, False, False
2026-03-13T06:49:18.785Z, STRESSING, 0.00, 0.00, 0.00, 0.00, 15280616, False, False
2026-03-13T06:49:20.951Z, STRESSING, 0.00, 0.00, 0.00, 0.00, 15291808, False, False
2026-03-13T06:49:23.118Z, STRESSING, 0.00, 0.00, 0.00, 0.00, 15309548, False, False
2026-03-13T06:49:25.282Z, STRESSING, 0.00, 0.00, 0.00, 0.00, 15298988, False, False
2026-03-13T06:49:27.448Z, STRESSING, 0.00, 0.00, 0.00, 0.00, 15290432, False, False
2026-03-13T06:49:29.611Z, STRESSING, 0.00, 0.00, 0.00, 0.00, 15299536, False, False
2026-03-13T06:49:31.778Z, STRESSING, 0.00, 0.00, 0.00, 0.00, 15308236, False, False
2026-03-13T06:49:33.945Z, STRESSING, 0.00, 0.00, 0.00, 0.00, 15299440, False, False
2026-03-13T06:49:36.132Z, STRESSING, 0.00, 0.00, 0.00, 0.00, 15304136, False, False
2026-03-13T06:49:38.294Z, STRESSING, 0.00, 0.00, 0.00, 0.00, 15297308, False, False
2026-03-13T06:49:40.465Z, STRESSING, 0.00, 0.00, 0.00, 0.00, 15297752, False, False
2026-03-13T06:49:42.640Z, STRESSING, 0.00, 0.00, 0.00, 0.00, 15310452, False, False
2026-03-13T06:49:44.808Z, STRESSING, 0.00, 0.00, 0.00, 0.00, 15284080, False, False
2026-03-13T06:49:46.977Z, STRESSING, 0.00, 0.00, 0.00, 0.00, 15301212, False, False
2026-03-13T06:49:49.144Z, STRESSING, 0.00, 0.00, 0.00, 0.00, 15295504, False, False
2026-03-13T06:49:51.318Z, STRESSING, 0.00, 0.00, 0.00, 0.00, 15301256, False, False
2026-03-13T06:49:53.483Z, STRESSING, 0.00, 0.00, 0.00, 0.00, 15307624, False, False
2026-03-13T06:49:55.647Z, STRESSING, 0.00, 0.00, 0.00, 0.00, 15295484, False, False
2026-03-13T06:49:57.809Z, STRESSING, 0.00, 0.00, 0.00, 0.00, 15303176, False, False
2026-03-13T06:49:59.975Z, STRESSING, 0.00, 0.00, 0.00, 0.00, 15300356, False, False
2026-03-13T06:50:02.141Z, STRESSING, 0.00, 0.00, 0.00, 0.00, 15308988, False, False
2026-03-13T06:50:04.306Z, STRESSING, 0.00, 0.00, 0.00, 0.00, 15311520, False, False
2026-03-13T06:50:06.473Z, STRESSING, 0.00, 0.00, 0.00, 0.00, 15301944, False, False
2026-03-13T06:50:08.642Z, STRESSING, 0.00, 0.00, 0.00, 0.00, 15299728, False, False
2026-03-13T06:50:10.822Z, STRESSING, 0.00, 0.00, 0.00, 0.00, 15303380, False, False
2026-03-13T06:50:12.987Z, STRESSING, 0.00, 0.00, 0.00, 0.00, 15306004, False, False
2026-03-13T06:50:15.155Z, STRESSING, 0.00, 0.00, 0.00, 0.00, 15293640, False, False
2026-03-13T06:50:17.324Z, STRESSING, 0.00, 0.00, 0.00, 0.00, 15312300, False, False
2026-03-13T06:50:19.490Z, STRESSING, 0.00, 0.00, 0.00, 0.00, 15308440, False, False
2026-03-13T06:50:21.655Z, STRESSING, 0.00, 0.00, 0.00, 0.00, 15307020, False, False
2026-03-13T06:50:23.821Z, STRESSING, 0.00, 0.00, 0.00, 0.00, 15303364, False, False
2026-03-13T06:50:25.988Z, STRESSING, 0.00, 0.00, 0.00, 0.00, 15308252, False, False
2026-03-13T06:50:28.154Z, STRESSING, 0.00, 0.00, 0.00, 0.00, 15310688, False, False
2026-03-13T06:50:30.319Z, STRESSING, 0.00, 0.00, 0.00, 0.00, 15290312, False, False
2026-03-13T06:50:32.482Z, STRESSING, 0.00, 0.00, 0.00, 0.00, 15312204, False, False
2026-03-13T06:50:34.651Z, STRESSING, 0.00, 0.00, 0.00, 0.00, 15307952, False, False
2026-03-13T06:50:36.826Z, STRESSING, 0.00, 0.00, 0.00, 0.00, 15297016, False, False
2026-03-13T06:50:39.007Z, STRESSING, 0.00, 0.00, 0.00, 0.00, 15304004, False, False
2026-03-13T06:50:41.175Z, STRESSING, 0.00, 0.00, 0.00, 0.00, 15301744, False, False
2026-03-13T06:50:43.342Z, STRESSING, 0.00, 0.00, 0.00, 0.00, 15312204, False, False
2026-03-13T06:50:45.508Z, STRESSING, 0.00, 0.00, 0.00, 0.00, 15287728, False, False
2026-03-13T06:50:47.676Z, STRESSING, 0.00, 0.00, 0.00, 0.00, 15308880, False, False
2026-03-13T06:50:49.845Z, STRESSING, 0.00, 0.00, 0.00, 0.00, 15312460, False, False
2026-03-13T06:50:52.009Z, STRESSING, 0.00, 0.00, 0.00, 0.00, 14965412, False, False
2026-03-13T06:50:54.193Z, STRESSING, 0.00, 0.00, 0.00, 0.00, 15288476, False, False
2026-03-13T06:50:56.361Z, STRESSING, 0.00, 0.00, 0.00, 0.00, 15297704, False, False
2026-03-13T06:50:58.525Z, STRESSING, 0.00, 0.00, 0.00, 0.00, 15310616, False, False
2026-03-13T06:51:00.706Z, STRESSING, 0.00, 0.00, 0.00, 0.00, 15305392, False, False
2026-03-13T06:51:02.910Z, STRESSING, 0.00, 0.00, 0.00, 0.00, 15313080, False, False
2026-03-13T06:51:05.077Z, STRESSING, 0.00, 0.00, 0.00, 0.00, 15311564, False, False
2026-03-13T06:51:07.242Z, STRESSING, 0.00, 0.00, 0.00, 0.00, 15302208, False, False
2026-03-13T06:51:09.405Z, STRESSING, 0.00, 0.00, 0.00, 0.00, 15308664, False, False
2026-03-13T06:51:11.570Z, STRESSING, 0.00, 0.00, 0.00, 0.00, 15300396, False, False
2026-03-13T06:51:13.733Z, STRESSING, 0.00, 0.00, 0.00, 0.00, 15298780, False, False
2026-03-13T06:51:15.896Z, STRESSING, 0.00, 0.00, 0.00, 0.00, 15292136, False, False
2026-03-13T06:51:18.060Z, STRESSING, 0.00, 0.00, 0.00, 0.00, 15297588, False, False
2026-03-13T06:51:20.225Z, STRESSING, 0.00, 0.00, 0.00, 0.00, 15312192, False, False
2026-03-13T06:51:22.391Z, STRESSING, 0.00, 0.00, 0.00, 0.00, 15303708, False, False
2026-03-13T06:51:24.556Z, STRESSING, 0.00, 0.00, 0.00, 0.00, 15313052, False, False
2026-03-13T06:51:26.723Z, STRESSING, 0.00, 0.00, 0.00, 0.00, 15286832, False, False
2026-03-13T06:51:28.903Z, STRESSING, 0.00, 0.00, 0.00, 0.00, 15294508, False, False
2026-03-13T06:51:31.091Z, STRESSING, 0.00, 0.00, 0.00, 0.00, 15297640, False, False
2026-03-13T06:51:33.258Z, STRESSING, 0.00, 0.00, 0.00, 0.00, 15293184, False, False
2026-03-13T06:51:35.430Z, STRESSING, 0.00, 0.00, 0.00, 0.00, 15309344, False, False
2026-03-13T06:51:37.595Z, STRESSING, 0.00, 0.00, 0.00, 0.00, 15299012, False, False
2026-03-13T06:51:39.758Z, STRESSING, 0.00, 0.00, 0.00, 0.00, 15307428, False, False
2026-03-13T06:51:41.921Z, STRESSING, 0.00, 0.00, 0.00, 0.00, 15288564, False, False
2026-03-13T06:51:44.089Z, STRESSING, 0.00, 0.00, 0.00, 0.00, 15295764, False, False
2026-03-13T06:51:46.257Z, STRESSING, 0.00, 0.00, 0.00, 0.00, 15304004, False, False
2026-03-13T06:51:48.420Z, STRESSING, 0.00, 0.00, 0.00, 0.00, 15306896, False, False
2026-03-13T06:51:50.585Z, STRESSING, 0.00, 0.00, 0.00, 0.00, 15302572, False, False
2026-03-13T06:51:52.750Z, STRESSING, 0.00, 0.00, 0.00, 0.00, 15306836, False, False
2026-03-13T06:51:54.915Z, STRESSING, 0.00, 0.00, 0.00, 0.00, 15305708, False, False
2026-03-13T06:51:57.082Z, STRESSING, 0.00, 0.00, 0.00, 0.00, 15300616, False, False
2026-03-13T06:51:59.259Z, STRESSING, 0.00, 0.00, 0.00, 0.00, 15305740, False, False
2026-03-13T06:52:01.438Z, STRESSING, 0.00, 0.00, 0.00, 0.00, 15304344, False, False
2026-03-13T06:52:03.611Z, STRESSING, 0.00, 0.00, 0.00, 0.00, 15295532, False, False
2026-03-13T06:52:05.777Z, STRESSING, 0.00, 0.00, 0.00, 0.00, 15295816, False, False
2026-03-13T06:52:07.944Z, STRESSING, 0.00, 0.00, 0.00, 0.00, 15300516, False, False
2026-03-13T06:52:10.113Z, STRESSING, 0.00, 0.00, 0.00, 0.00, 15297384, False, False
2026-03-13T06:52:12.281Z, STRESSING, 0.00, 0.00, 0.00, 0.00, 15286708, False, False
2026-03-13T06:52:14.468Z, STRESSING, 0.00, 0.00, 0.00, 0.00, 15307560, False, False
2026-03-13T06:52:16.635Z, STRESSING, 0.00, 0.00, 0.00, 0.00, 15301872, False, False
2026-03-13T06:52:18.802Z, STRESSING, 0.00, 0.00, 0.00, 0.00, 15298512, False, False
2026-03-13T06:52:20.971Z, STRESSING, 0.00, 0.00, 0.00, 0.00, 15295136, False, False
2026-03-13T06:52:23.134Z, STRESSING, 0.00, 0.00, 0.00, 0.00, 15302404, False, False
2026-03-13T06:52:25.299Z, STRESSING, 0.00, 0.00, 0.00, 0.00, 15301224, False, False
2026-03-13T06:52:27.465Z, STRESSING, 0.00, 0.00, 0.00, 0.00, 15305080, False, False
2026-03-13T06:52:29.644Z, STRESSING, 0.00, 0.00, 0.00, 0.00, 15303112, False, False
2026-03-13T06:52:31.822Z, STRESSING, 0.00, 0.00, 0.00, 0.00, 15306876, False, False
2026-03-13T06:52:33.995Z, STRESSING, 0.00, 0.00, 0.00, 0.00, 15291972, False, False
2026-03-13T06:52:36.163Z, STRESSING, 0.00, 0.00, 0.00, 0.00, 15300520, False, False
2026-03-13T06:52:38.328Z, STRESSING, 0.00, 0.00, 0.00, 0.00, 15289008, False, False
2026-03-13T06:52:40.493Z, STRESSING, 0.00, 0.00, 0.00, 0.00, 15305376, False, False
2026-03-13T06:52:42.660Z, STRESSING, 0.00, 0.00, 0.00, 0.00, 15305020, False, False
2026-03-13T06:52:44.829Z, STRESSING, 0.00, 0.00, 0.00, 0.00, 15304336, False, False
2026-03-13T06:52:46.997Z, STRESSING, 0.00, 0.00, 0.00, 0.00, 15305804, False, False
2026-03-13T06:52:49.164Z, STRESSING, 0.00, 0.00, 0.00, 0.00, 15305176, False, False
2026-03-13T06:52:51.333Z, STRESSING, 0.00, 0.00, 0.00, 0.00, 15298800, False, False
2026-03-13T06:52:53.499Z, STRESSING, 0.00, 0.00, 0.00, 0.00, 15302004, False, False
2026-03-13T06:52:55.665Z, STRESSING, 0.00, 0.00, 0.00, 0.00, 15306984, False, False
2026-03-13T06:52:57.832Z, STRESSING, 0.00, 0.00, 0.00, 0.00, 15303088, False, False
2026-03-13T06:52:59.996Z, STRESSING, 0.00, 0.00, 0.00, 0.00, 15302968, False, False
2026-03-13T06:53:02.173Z, STRESSING, 0.00, 0.00, 0.00, 0.00, 15299832, False, False
2026-03-13T06:53:04.351Z, STRESSING, 0.00, 0.00, 0.00, 0.00, 15298724, False, False
2026-03-13T06:53:06.518Z, STRESSING, 0.00, 0.00, 0.00, 0.00, 15305044, False, False
2026-03-13T06:53:08.687Z, STRESSING, 0.00, 0.00, 0.00, 0.00, 15294932, False, False
2026-03-13T06:53:10.851Z, STRESSING, 0.00, 0.00, 0.00, 0.00, 15300312, False, False
2026-03-13T06:53:13.018Z, STRESSING, 0.00, 0.00, 0.00, 0.00, 15307720, False, False
2026-03-13T06:53:15.184Z, STRESSING, 0.00, 0.00, 0.00, 0.00, 15300184, False, False
2026-03-13T06:53:17.352Z, STRESSING, 0.00, 0.00, 0.00, 0.00, 15302396, False, False
2026-03-13T06:53:19.518Z, STRESSING, 0.00, 0.00, 0.00, 0.00, 15306360, False, False
2026-03-13T06:53:21.684Z, STRESSING, 0.00, 0.00, 0.00, 0.00, 15304356, False, False
2026-03-13T06:53:23.851Z, STRESSING, 0.00, 0.00, 0.00, 0.00, 15301112, False, False
2026-03-13T06:53:26.017Z, STRESSING, 0.00, 0.00, 0.00, 0.00, 15306492, False, False
2026-03-13T06:53:28.185Z, STRESSING, 0.00, 0.00, 0.00, 0.00, 15308420, False, False
2026-03-13T06:53:30.361Z, STRESSING, 0.00, 0.00, 0.00, 0.00, 15307892, False, False
2026-03-13T06:53:32.546Z, STRESSING, 0.00, 0.00, 0.00, 0.00, 15307436, False, False
2026-03-13T06:53:34.712Z, STRESSING, 0.00, 0.00, 0.00, 0.00, 15287536, False, False
2026-03-13T06:53:36.875Z, STRESSING, 0.00, 0.00, 0.00, 0.00, 15308240, False, False
2026-03-13T06:53:39.041Z, STRESSING, 0.00, 0.00, 0.00, 0.00, 15300804, False, False
2026-03-13T06:53:41.236Z, STRESSING, 0.00, 0.00, 0.00, 0.00, 15301812, False, False
2026-03-13T06:53:43.401Z, STRESSING, 0.00, 0.00, 0.00, 0.00, 15305732, False, False
2026-03-13T06:53:45.566Z, STRESSING, 0.00, 0.00, 0.00, 0.00, 15287440, False, False
2026-03-13T06:53:47.734Z, STRESSING, 0.00, 0.00, 0.00, 0.00, 15304036, False, False
2026-03-13T06:53:49.900Z, STRESSING, 0.00, 0.00, 0.00, 0.00, 15300716, False, False
2026-03-13T06:53:52.069Z, STRESSING, 0.00, 0.00, 0.00, 0.00, 15311336, False, False
2026-03-13T06:53:54.234Z, STRESSING, 0.00, 0.00, 0.00, 0.00, 15309852, False, False
2026-03-13T06:53:56.403Z, STRESSING, 0.00, 0.00, 0.00, 0.00, 15309988, False, False
2026-03-13T06:53:58.570Z, STRESSING, 0.00, 0.00, 0.00, 0.00, 15300236, False, False
2026-03-13T06:54:00.743Z, STRESSING, 0.00, 0.00, 0.00, 0.00, 15306172, False, False
2026-03-13T06:54:02.923Z, STRESSING, 0.00, 0.00, 0.00, 0.00, 15310912, False, False
2026-03-13T06:54:05.093Z, STRESSING, 0.00, 0.00, 0.00, 0.00, 15285548, False, False
2026-03-13T06:54:07.255Z, STRESSING, 0.00, 0.00, 0.00, 0.00, 15294908, False, False
2026-03-13T06:54:09.421Z, STRESSING, 0.00, 0.00, 0.00, 0.00, 15309928, False, False
2026-03-13T06:54:11.588Z, STRESSING, 0.00, 0.00, 0.00, 0.00, 15308040, False, False
2026-03-13T06:54:13.752Z, STRESSING, 0.00, 0.00, 0.00, 0.00, 15310432, False, False
2026-03-13T06:54:15.918Z, STRESSING, 0.00, 0.00, 0.00, 0.00, 15294132, False, False
2026-03-13T06:54:18.083Z, STRESSING, 0.00, 0.00, 0.00, 0.00, 15309232, False, False
2026-03-13T06:54:20.252Z, STRESSING, 0.00, 0.00, 0.00, 0.00, 15292816, False, False
2026-03-13T06:54:22.418Z, STRESSING, 0.00, 0.00, 0.00, 0.00, 15308584, False, False
2026-03-13T06:54:24.583Z, STRESSING, 0.00, 0.00, 0.00, 0.00, 15301060, False, False
2026-03-13T06:54:26.749Z, STRESSING, 0.00, 0.00, 0.00, 0.00, 15309188, False, False
2026-03-13T06:54:28.928Z, STRESSING, 0.00, 0.00, 0.00, 0.00, 15308136, False, False
2026-03-13T06:54:31.105Z, STRESSING, 0.00, 0.00, 0.00, 0.00, 15302072, False, False
2026-03-13T06:54:33.269Z, STRESSING, 0.00, 0.00, 0.00, 0.00, 15305888, False, False
2026-03-13T06:54:35.435Z, STRESSING, 0.00, 0.00, 0.00, 0.00, 15291544, False, False
2026-03-13T06:54:37.604Z, STRESSING, 0.00, 0.00, 0.00, 0.00, 15308732, False, False
2026-03-13T06:54:39.770Z, STRESSING, 0.00, 0.00, 0.00, 0.00, 15297488, False, False
2026-03-13T06:54:41.935Z, STRESSING, 0.00, 0.00, 0.00, 0.00, 15304688, False, False
2026-03-13T06:54:44.103Z, STRESSING, 0.00, 0.00, 0.00, 0.00, 15302460, False, False
2026-03-13T06:54:46.268Z, STRESSING, 0.00, 0.00, 0.00, 0.00, 15286148, False, False
2026-03-13T06:54:48.432Z, STRESSING, 0.00, 0.00, 0.00, 0.00, 15305800, False, False
2026-03-13T06:54:50.600Z, STRESSING, 0.00, 0.00, 0.00, 0.00, 15298584, False, False
2026-03-13T06:54:52.778Z, STRESSING, 0.00, 0.00, 0.00, 0.00, 15311060, False, False
2026-03-13T06:54:54.946Z, STRESSING, 0.00, 0.00, 0.00, 0.00, 15308876, False, False
2026-03-13T06:54:57.118Z, STRESSING, 0.00, 0.00, 0.00, 0.00, 15301964, False, False
2026-03-13T06:54:59.298Z, STRESSING, 0.00, 0.00, 0.00, 0.00, 15303960, False, False
2026-03-13T06:55:01.471Z, STRESSING, 0.00, 0.00, 0.00, 0.00, 15293792, False, False
2026-03-13T06:55:03.640Z, STRESSING, 0.00, 0.00, 0.00, 0.00, 15294824, False, False
2026-03-13T06:55:05.802Z, STRESSING, 0.00, 0.00, 0.00, 0.00, 15281864, False, False
2026-03-13T06:55:07.971Z, STRESSING, 0.00, 0.00, 0.00, 0.00, 15307992, False, False
2026-03-13T06:55:10.137Z, STRESSING, 0.00, 0.00, 0.00, 0.00, 15300788, False, False
2026-03-13T06:55:12.307Z, STRESSING, 0.00, 0.00, 0.00, 0.00, 15306732, False, False
2026-03-13T06:55:14.470Z, STRESSING, 0.00, 0.00, 0.00, 0.00, 15307044, False, False
2026-03-13T06:55:16.637Z, STRESSING, 0.00, 0.00, 0.00, 0.00, 15307132, False, False
2026-03-13T06:55:18.803Z, STRESSING, 0.00, 0.00, 0.00, 0.00, 15302504, False, False
2026-03-13T06:55:20.968Z, STRESSING, 0.00, 0.00, 0.00, 0.00, 15299100, False, False
2026-03-13T06:55:23.133Z, STRESSING, 0.00, 0.00, 0.00, 0.00, 15294112, False, False
2026-03-13T06:55:25.297Z, STRESSING, 0.00, 0.00, 0.00, 0.00, 15292924, False, False
2026-03-13T06:55:27.466Z, STRESSING, 0.00, 0.00, 0.00, 0.00, 15299564, False, False
2026-03-13T06:55:29.644Z, STRESSING, 0.00, 0.00, 0.00, 0.00, 15298304, False, False
2026-03-13T06:55:31.815Z, STRESSING, 0.00, 0.00, 0.00, 0.00, 15308648, False, False
2026-03-13T06:55:33.978Z, STRESSING, 0.00, 0.00, 0.00, 0.00, 15311456, False, False
2026-03-13T06:55:36.147Z, STRESSING, 0.00, 0.00, 0.00, 0.00, 15305996, False, False
2026-03-13T06:55:38.312Z, STRESSING, 0.00, 0.00, 0.00, 0.00, 15299512, False, False
2026-03-13T06:55:40.479Z, STRESSING, 0.00, 0.00, 0.00, 0.00, 15296616, False, False
2026-03-13T06:55:42.642Z, STRESSING, 0.00, 0.00, 0.00, 0.00, 15310748, False, False
2026-03-13T06:55:44.808Z, STRESSING, 0.00, 0.00, 0.00, 0.00, 15310504, False, False
2026-03-13T06:55:46.979Z, STRESSING, 0.00, 0.00, 0.00, 0.00, 15307140, False, False
2026-03-13T06:55:49.144Z, STRESSING, 0.00, 0.00, 0.00, 0.00, 15296072, False, False
2026-03-13T06:55:51.311Z, STRESSING, 0.00, 0.00, 0.00, 0.00, 15311892, False, False
2026-03-13T06:55:53.476Z, STRESSING, 0.00, 0.00, 0.00, 0.00, 15309396, False, False
2026-03-13T06:55:55.644Z, STRESSING, 0.00, 0.00, 0.00, 0.00, 15306812, False, False
2026-03-13T06:55:57.824Z, STRESSING, 0.00, 0.00, 0.00, 0.00, 15295612, False, False
